,Column_B,Column_C,Column_A,Column_E,Column_D
0,01,ORD,20,5026,E7M
1,01,ORD,20,5246,E7M
2,01,ORD,20,5445,E7M
3,01,ORD,20,5246,E7M
4,01,ORD,20,4935,E7M
5,01,ORD,20,4840,E7M
6,01,ORD,20,4915,E7M
7,01,ORD,20,4758,E7M
8,01,ORD,20,4212,E7M
9,01,ORD,20,4238,E7M
10,01,ORD,20,4749,E7M
11,01,ORD,20,4245,E7M
12,01,ORD,20,4478,E7M
13,01,ORD,20,4235,E7M
14,01,ORD,20,4203,E7M
15,01,ORD,20,4399,E7M
16,01,ORD,20,4204,E7M
17,01,ORD,20,4221,E7M
18,01,ORD,20,4213,E7M
19,01,ORD,20,4224,E7M
20,01,ORD,20,4240,E7M
21,01,ORD,20,4216,E7M
22,01,ORD,20,4200,E7M
23,01,ORD,20,4200,E7M
24,01,ORD,20,4245,E7M
25,01,ORD,20,4201,E7M
26,01,ORD,20,4215,E7M
27,01,ORD,20,4202,E7M
28,01,ORD,20,4205,E7M
29,01,ORD,20,4456,E7M
30,01,ORD,20,4242,E7M
31,01,ORD,20,4437,E7M
32,01,ORD,20,4200,E7M
33,01,ORD,20,4214,E7M
34,01,ORD,20,4211,E7M
35,01,ORD,20,4272,E7M
36,01,ORD,20,4214,E7M
37,01,ORD,20,4206,E7M
38,01,ORD,20,4222,E7M
39,01,ORD,20,4257,E7M
40,01,ORD,20,4225,E7M
41,01,ORD,20,4261,E7M
42,01,ORD,20,4231,E7M
43,01,ORD,20,4320,E7M
44,01,ORD,20,4262,E7M
45,01,ORD,20,4230,E7M
46,01,ORD,20,4210,E7M
47,01,ORD,20,4242,E7M
48,01,ORD,20,4211,E7M
49,01,ORD,20,4222,E7M
50,01,ORD,20,4200,E7M
51,01,ORD,20,4253,E7M
52,01,ORD,20,4332,E7M
53,01,ORD,20,4337,E7M
54,01,ORD,20,4244,E7M
55,01,ORD,20,4342,E7M
56,01,ORD,20,4324,E7M
57,01,ORD,20,4253,E7M
58,01,ORD,20,4220,E7M
59,01,ORD,20,4217,E7M
60,01,ORD,20,4213,E7M
61,01,ORD,20,4261,E7M
62,01,ORD,20,4211,E7M
63,01,ORD,20,4219,E7M
64,01,ORD,20,4203,E7M
65,01,ORD,20,4335,E7M
66,01,ORD,20,4240,E7M
67,01,ORD,20,4209,E7M
68,01,ORD,20,4240,E7M
69,01,ORD,20,4277,E7M
70,01,ORD,20,4237,E7M
71,01,ORD,20,4243,E7M
72,01,ORD,20,4486,E7M
73,01,ORD,20,4341,E7M
74,01,ORD,20,4250,E7M
75,01,ORD,20,4299,E7M
76,01,ORD,20,4220,E7M
77,01,ORD,20,4247,E7M
78,01,ORD,20,4263,E7M
79,01,ORD,20,4319,E7M
80,01,ORD,20,4203,E7M
81,01,ORD,20,4244,E7M
82,01,ORD,20,4202,E7M
83,01,ORD,20,4201,E7M
84,01,ORD,20,4223,E7M
85,01,ORD,20,4273,E7M
86,01,ORD,20,4249,E7M
87,01,ORD,20,4205,E7M
88,01,ORD,20,4327,E7M
89,01,ORD,20,4219,E7M
90,01,ORD,20,4238,E7M
91,01,ORD,20,4257,E7M
92,01,ORD,20,4259,E7M
93,01,ORD,20,4231,E7M
94,01,ORD,20,4212,E7M
95,01,ORD,20,4331,E7M
96,01,ORD,20,4469,E7M
97,01,ORD,20,4408,E7M
98,01,ORD,20,4393,E7M
99,01,ORD,20,4396,E7M
100,01,ORD,20,4394,E7M
101,01,ORD,20,4429,E7M
102,01,ORD,20,4320,E7M
103,01,ORD,20,4208,E7M
104,01,ORD,20,4211,E7M
105,01,ORD,20,4367,E7M
106,01,ORD,20,4307,E7M
107,01,ORD,20,4326,E7M
108,01,ORD,20,4208,E7M
109,01,ORD,20,4294,E7M
110,01,ORD,20,0000,E7M
111,01,ORD,20,0000,E7M
112,01,ORD,20,0000,E7M
113,01,ORD,20,0000,E7M
114,01,ORD,20,0000,E7M
115,01,ORD,20,0000,E7M
116,01,ORD,20,0000,E7M
117,01,ORD,20,0000,E7M
118,01,ORD,20,0000,E7M
119,01,ORD,20,0000,E7M
120,01,ORD,20,0000,E7M
121,01,ORD,20,0000,E7M
122,01,ORD,20,0000,E7M
123,01,ORD,20,0000,E7M
124,01,ORD,20,0000,E7M
125,01,ORD,20,0000,E7M
126,01,ORD,20,0000,E7M
127,01,ORD,20,0000,E7M
128,01,ORD,20,0000,E7M
129,01,ORD,20,0000,E7M
130,01,ORD,20,0000,E7M
131,01,ORD,20,0000,E7M
132,01,ORD,20,0000,E7M
